passenger_id,first_name,last_name,age,nationality,departure,destination,flight_number,departure_date,seat_number
1,Trenton,Arkley,53,France,Brazil,Portugal,DL456,03/12/2022,B2
2,Daron,Bottinelli,34,Venezuela,China,China,DL456,28/10/2022,B2
3,Nike,Lindberg,64,Afghanistan,Indonesia,China,DL456,30/07/2022,B2
4,Zebulen,Dowderswell,66,Malaysia,Russia,Philippines,UA789,11/06/2022,C3
5,Yetty,Grundy,32,France,Belarus,Indonesia,UA789,14/04/2022,A1
6,Winny,Joyner,43,Dominican Republic,Canada,Finland,DL456,25/06/2022,B2
7,Arleyne,Frogley,32,Palestinian Territory,Indonesia,Italy,AA123,11/12/2022,A1
8,Courtenay,Truse,83,Argentina,United States,Poland,UA789,21/03/2022,B2
9,Patrica,Sorrie,56,China,Colombia,Indonesia,UA789,24/01/2022,C3
10,Anestassia,Ebbage,30,Russia,Russia,Indonesia,UA789,19/12/2022,C3
11,Bren,Demange,18,Russia,Brazil,Thailand,DL456,21/06/2022,C3
12,Darrell,Ligerton,41,Russia,Russia,Spain,AA123,06/05/2022,C3
13,Irena,Boomes,68,Indonesia,China,Vietnam,UA789,30/11/2022,C3
14,Josefina,Dahmel,70,Indonesia,Sweden,Ireland,UA789,09/10/2022,C3
15,Angy,Iacomelli,19,Namibia,Yemen,Indonesia,UA789,18/07/2022,C3
16,Dniren,Brinson,60,Greece,Kenya,Philippines,UA789,08/01/2022,B2
17,Gianina,Berisford,59,Bosnia and Herzegovina,Japan,Tunisia,DL456,21/04/2022,C3
18,Herschel,Boothroyd,65,Chile,Serbia,Thailand,UA789,26/01/2022,A1
19,Kyla,Pedel,31,Latvia,France,Kazakhstan,DL456,13/11/2022,A1
20,Doy,Pereira,42,Serbia,South Korea,Finland,DL456,14/04/2022,A1
21,Ralina,MacNeilage,56,Ireland,Indonesia,Paraguay,DL456,15/11/2022,C3
22,Robby,Forlonge,61,China,Guatemala,China,UA789,20/10/2022,B2
23,Reade,Meddings,19,Peru,Serbia,China,DL456,05/12/2022,C3
24,Nicki,Maryska,38,Afghanistan,Peru,Russia,DL456,01/09/2022,C3
25,Missie,Gillison,26,Brazil,China,China,UA789,03/02/2022,A1
26,Hyman,Heatly,60,China,France,Poland,UA789,07/07/2022,B2
27,Ingamar,Farrand,48,China,Tanzania,Haiti,UA789,29/12/2022,A1
28,Kristos,Donet,40,Russia,Philippines,France,UA789,22/04/2022,A1
29,Hulda,McQuirter,54,China,Poland,Vietnam,DL456,01/03/2022,B2
30,Andre,Walaron,65,Russia,Brazil,Sweden,AA123,27/05/2022,B2
31,Tabina,Waddam,43,Russia,China,Morocco,DL456,24/11/2022,A1
32,Maynard,Cheeseman,26,China,Indonesia,Netherlands,AA123,13/11/2022,C3
33,Leicester,Haukey,36,Russia,Japan,Portugal,UA789,12/03/2022,B2
34,Lorry,Espinas,52,Ukraine,Belarus,Indonesia,DL456,15/08/2022,B2
35,Greg,Doumic,56,China,Malawi,China,DL456,30/01/2022,C3
36,Grata,Arter,59,Armenia,Yemen,Colombia,UA789,21/05/2022,C3
37,Miguelita,Jewitt,21,Poland,China,Russia,DL456,24/12/2022,C3
38,Martin,Currao,72,Brazil,Cuba,Argentina,AA123,04/03/2022,C3
39,Ulises,Maling,56,Sweden,Dominican Republic,Ecuador,UA789,02/10/2022,C3
40,Roseann,Gwinnel,50,Russia,Sweden,Canada,DL456,11/03/2022,B2
41,Cherin,Wreight,69,Mali,Greece,Nicaragua,UA789,22/11/2022,B2
42,Chuck,Dunbar,70,Ukraine,Sweden,China,AA123,27/11/2022,A1
43,Gabbey,Speariett,40,Nigeria,Venezuela,Slovenia,DL456,01/11/2022,A1
44,Fredia,Hazeley,19,China,China,Chile,UA789,15/05/2022,B2
45,Broddie,Valois,45,Tanzania,China,Nigeria,UA789,17/12/2022,C3
46,Marji,Gavaran,42,Canada,Bosnia and Herzegovina,China,AA123,13/09/2022,C3
47,Debora,Cornes,56,Poland,Indonesia,Nicaragua,AA123,06/11/2022,A1
48,Charley,McShea,75,Sweden,Canada,Ethiopia,DL456,02/07/2022,B2
49,Alwyn,Instone,57,Peru,Bosnia and Herzegovina,China,AA123,08/11/2022,A1
50,Justine,Stoggell,27,Indonesia,Philippines,China,DL456,31/07/2022,A1
51,Alyssa,Arundell,22,Tajikistan,Mexico,Greece,DL456,02/11/2022,B2
52,Beverie,de Amaya,22,Palestinian Territory,Japan,Indonesia,DL456,29/11/2022,A1
53,Chas,MacCawley,22,China,Macedonia,Indonesia,DL456,09/02/2022,C3
54,Kelsy,Migheli,33,Peru,China,China,UA789,13/02/2022,A1
55,Thatcher,Steptow,79,Venezuela,Sierra Leone,Portugal,UA789,31/10/2022,A1
56,Reilly,Dinsale,31,Libya,Poland,Philippines,UA789,03/06/2022,C3
57,Karie,Sherrock,66,Russia,Albania,Brazil,AA123,12/12/2022,C3
58,Aymer,Coonan,64,Latvia,Micronesia,Luxembourg,AA123,09/02/2022,C3
59,Nicolina,Myall,76,Russia,Iran,Uganda,AA123,28/02/2022,B2
60,Jere,Sterrick,38,Vietnam,China,Puerto Rico,UA789,28/06/2022,C3
61,Chelsey,Pyrton,19,Brazil,Portugal,Argentina,DL456,12/02/2022,B2
62,Glen,McDermott,30,China,Nigeria,Kenya,UA789,11/08/2022,B2
63,Porty,Mayhew,46,Vietnam,Afghanistan,Honduras,DL456,16/01/2022,C3
64,Fitz,Breacher,47,Indonesia,Canada,Poland,UA789,18/11/2022,A1
65,Tessi,Harlick,34,China,Madagascar,China,AA123,01/01/2022,C3
66,Melloney,Hunnicutt,64,Portugal,Peru,Brazil,UA789,26/03/2022,A1
67,Berenice,Janning,27,China,Russia,Tanzania,AA123,01/07/2022,A1
68,Gayleen,Jordan,18,Pakistan,China,Indonesia,AA123,20/11/2022,B2
69,Clarabelle,Ashdown,18,Sweden,China,Portugal,AA123,10/07/2022,B2
70,Stella,Hain,60,Russia,China,Turkmenistan,DL456,11/03/2022,B2
71,Ronny,Mosen,37,Brazil,Indonesia,Indonesia,DL456,17/02/2022,B2
72,Rafe,Frift,19,China,Indonesia,Bulgaria,AA123,25/01/2022,B2
73,Iris,Durkin,43,Cuba,China,Spain,UA789,15/11/2022,B2
74,Massimo,Baniard,26,Vietnam,Serbia,China,AA123,29/09/2022,A1
75,Gregoor,Boullin,22,Indonesia,France,Indonesia,UA789,06/04/2022,A1
76,Kassandra,Saphin,55,Guyana,Philippines,Philippines,UA789,12/08/2022,B2
77,Emery,Noli,68,Ukraine,France,Argentina,UA789,17/11/2022,C3
78,Cullan,Ciobotaro,28,Brazil,Argentina,China,AA123,09/12/2022,B2
79,Zora,Beals,39,Indonesia,Greece,Russia,UA789,29/01/2022,C3
80,Carrol,Elman,44,China,Greece,Portugal,UA789,29/01/2022,B2
81,Layla,Milmith,48,Portugal,China,Portugal,UA789,07/09/2022,A1
82,Augustin,Gaisford,60,Japan,Azerbaijan,Russia,AA123,26/11/2022,C3
83,Melonie,Archanbault,36,Gambia,China,Poland,UA789,18/09/2022,C3
84,Erna,Hanney,42,Brazil,Croatia,Russia,UA789,17/04/2022,A1
85,Juditha,Lamblot,22,China,Netherlands,Czech Republic,DL456,06/09/2022,C3
86,Norma,Fuidge,56,China,Czech Republic,Philippines,DL456,20/09/2022,A1
87,Pearla,Littlepage,29,China,Brazil,Madagascar,AA123,17/01/2022,C3
88,Pansy,Muris,71,China,Philippines,Norway,DL456,23/06/2022,C3
89,Dur,Vasser,39,China,Poland,Thailand,DL456,23/12/2022,A1
90,Reagen,Dumini,59,Philippines,Chile,Estonia,DL456,22/03/2022,C3
91,See,Bysshe,77,Germany,Bulgaria,Japan,AA123,26/08/2022,C3
92,Kelvin,Longden,65,Costa Rica,China,Peru,DL456,04/11/2022,A1
93,Loy,MacAfee,70,Uzbekistan,Uzbekistan,East Timor,DL456,12/05/2022,B2
94,Theadora,Shinton,31,Portugal,China,China,DL456,23/07/2022,C3
95,Carlos,Pirie,66,Barbados,Ethiopia,China,DL456,08/07/2022,C3
96,Blake,Mellon,58,Philippines,South Africa,Myanmar,AA123,24/01/2022,C3
97,Kimberly,Callam,63,China,China,Philippines,DL456,13/07/2022,A1
98,Stanislaus,Stainton - Skinn,27,United States,Guatemala,China,UA789,21/09/2022,B2
99,Nalani,Assard,63,Portugal,China,Indonesia,UA789,04/08/2022,A1
100,Gavra,Twiggins,48,Sudan,Philippines,Russia,UA789,11/07/2022,B2
101,Wilt,Praundl,60,Yemen,Sweden,Indonesia,UA789,21/04/2022,A1
102,Rianon,Boumphrey,36,Japan,China,Indonesia,AA123,23/06/2022,B2
103,Merrill,Ordidge,58,Uzbekistan,Russia,Tunisia,DL456,20/12/2022,B2
104,Phelia,Gorringe,76,Bulgaria,Kenya,Russia,DL456,29/03/2022,A1
105,Evita,Slite,22,China,Brazil,Brazil,DL456,08/06/2022,C3
106,Caresa,Ruegg,27,Russia,Japan,Sudan,UA789,29/05/2022,A1
107,Claude,Halt,34,Malaysia,Vietnam,Portugal,AA123,27/05/2022,C3
108,Crissy,Battie,51,Russia,China,Poland,DL456,13/05/2022,A1
109,Dania,Leroy,69,Spain,Libya,Indonesia,UA789,29/08/2022,B2
110,Greta,Haste,77,Indonesia,Philippines,Philippines,UA789,07/04/2022,C3
111,Sidoney,Copnell,61,China,Japan,China,DL456,03/07/2022,C3
112,Yanaton,Saddington,85,Brazil,Tajikistan,Madagascar,UA789,20/01/2022,A1
113,Nealon,Cecely,51,Egypt,Norway,Philippines,DL456,12/12/2022,B2
114,Dasie,Rogliero,75,Indonesia,Philippines,Mexico,UA789,02/09/2022,B2
115,Brod,Piatto,51,Dominican Republic,Guatemala,Dominican Republic,UA789,04/04/2022,A1
116,Paul,Luna,58,Nepal,China,Nepal,DL456,15/06/2022,A1
117,Freida,Krzyzanowski,64,Russia,Switzerland,Czech Republic,UA789,14/01/2022,A1
118,Myrtie,Gandey,80,Indonesia,Tajikistan,Finland,DL456,02/04/2022,C3
119,Franchot,Knibb,77,Indonesia,Argentina,China,AA123,07/10/2022,C3
120,Alexandro,Foston,32,China,Thailand,Kazakhstan,UA789,01/11/2022,B2
121,Gabriello,Drewell,35,China,Nigeria,Philippines,UA789,31/08/2022,C3
122,Corrinne,Griggs,27,Dominica,China,Philippines,UA789,11/11/2022,A1
123,Christine,Klain,22,China,Japan,Indonesia,UA789,15/05/2022,C3
124,Evonne,Brierly,71,Poland,France,Russia,UA789,31/07/2022,C3
125,Hortensia,Marians,34,Morocco,North Korea,Philippines,UA789,18/12/2022,B2
126,Conan,Dumingo,69,Indonesia,Ukraine,Indonesia,UA789,31/08/2022,B2
127,Karon,Maguire,33,Tanzania,Indonesia,Philippines,AA123,17/10/2022,A1
128,Barnard,Legister,84,Indonesia,Indonesia,China,UA789,26/02/2022,C3
129,Linc,Pawlata,32,Vanuatu,Russia,Russia,AA123,23/09/2022,B2
130,Elladine,Yateman,19,Russia,Italy,Portugal,AA123,02/08/2022,C3
131,Gloriana,Pitway,68,Philippines,Canada,Brazil,UA789,21/02/2022,B2
132,Rosemarie,Karpfen,68,Guatemala,China,France,UA789,10/06/2022,B2
133,Kristyn,MacCome,45,Greece,Russia,Philippines,AA123,16/07/2022,C3
134,Brit,Marcoolyn,60,China,Ukraine,Czech Republic,DL456,15/05/2022,B2
135,Roarke,Shipston,65,Indonesia,Indonesia,Togo,DL456,04/04/2022,A1
136,Town,Gun,60,Ethiopia,China,China,AA123,27/05/2022,B2
137,Wallache,Campos,51,Czech Republic,China,Swaziland,UA789,17/03/2022,B2
138,Luther,Reuben,80,Philippines,Czech Republic,China,DL456,19/05/2022,A1
139,Fabio,Dotson,68,Indonesia,Canada,Indonesia,DL456,05/05/2022,B2
140,Jerrold,Blumsom,61,France,Indonesia,Philippines,UA789,25/10/2022,C3
141,Malcolm,Kerfut,22,Iran,Burundi,Lithuania,UA789,31/05/2022,B2
142,Delilah,Leheude,48,France,Indonesia,Indonesia,AA123,01/07/2022,B2
143,Ginevra,Wellbeloved,85,China,Serbia,France,AA123,25/04/2022,B2
144,Pieter,Beamiss,48,Indonesia,France,China,DL456,06/08/2022,A1
145,Kristofor,Blunsom,28,Thailand,China,China,DL456,07/06/2022,C3
146,Nolie,Du Barry,55,Brazil,Brazil,Indonesia,UA789,14/12/2022,A1
147,Benyamin,Cousen,60,Poland,Brazil,Nigeria,UA789,14/04/2022,C3
148,Jeni,Popelay,82,China,Peru,China,AA123,07/06/2022,A1
149,Mikkel,Croisdall,78,Colombia,China,Nigeria,UA789,21/05/2022,C3
150,Eloisa,Wylie,41,Norway,Indonesia,France,UA789,30/08/2022,C3
151,Kimmie,Tassel,54,Sweden,Poland,Indonesia,UA789,06/08/2022,A1
152,Mack,Livezey,82,China,Indonesia,Kyrgyzstan,UA789,19/07/2022,B2
153,Alma,Neylan,81,China,Yemen,China,UA789,03/03/2022,A1
154,Cally,Ocklin,51,Colombia,Greece,China,DL456,22/07/2022,A1
155,Karlene,Paiton,42,Indonesia,China,Nigeria,DL456,28/01/2022,A1
156,Elsinore,Frotton,54,New Zealand,China,Colombia,UA789,30/12/2022,A1
157,Doti,Cumber,58,Albania,Afghanistan,Canada,AA123,27/01/2022,C3
158,Netty,Beetham,56,United States,China,Indonesia,UA789,27/07/2022,B2
159,Penrod,Devine,54,Poland,Indonesia,Nigeria,DL456,01/06/2022,C3
160,Roddy,Rozycki,41,Chile,China,Czech Republic,DL456,10/01/2022,B2
161,Chris,Huws,40,Armenia,Croatia,China,DL456,06/05/2022,C3
162,Fields,Iglesiaz,41,Canada,China,Argentina,AA123,05/01/2022,C3
163,Wilma,Drinkall,44,China,Iran,Sweden,AA123,06/05/2022,A1
164,Justina,Kingsland,23,Poland,Thailand,Costa Rica,UA789,27/09/2022,C3
165,Sheelagh,Husk,19,Malawi,Serbia,Norway,UA789,31/03/2022,B2
166,Vale,Heys,67,Indonesia,Zimbabwe,Spain,UA789,03/07/2022,C3
167,Thea,Hurdle,47,Japan,Russia,China,DL456,07/05/2022,B2
168,Micky,Roseblade,32,Nigeria,Democratic Republic of the Congo,China,DL456,26/12/2022,A1
169,Astrid,London,80,Canada,Portugal,Indonesia,DL456,04/07/2022,A1
170,Inglis,Dack,76,Haiti,Russia,Uzbekistan,UA789,30/09/2022,C3
171,Bruce,Slewcock,21,Albania,Malaysia,Greece,AA123,06/12/2022,C3
172,Udell,MacCahey,71,Armenia,Brazil,Russia,UA789,10/04/2022,C3
173,Reginauld,Ranson,73,China,Pakistan,Indonesia,AA123,21/04/2022,B2
174,Stormy,Bruton,42,Peru,Morocco,Iran,AA123,04/07/2022,B2
175,Reina,Anselmi,21,Mexico,Tajikistan,Portugal,DL456,12/05/2022,C3
176,Emmery,Gever,84,United States,France,Poland,UA789,19/02/2022,B2
177,Edita,Briddle,27,France,Chad,Zambia,UA789,12/11/2022,C3
178,Ethyl,Schultze,37,Poland,China,Argentina,AA123,13/04/2022,A1
179,Lutero,Garbutt,67,China,Iraq,China,UA789,13/06/2022,B2
180,Norrie,Dorrian,29,Russia,Russia,Poland,AA123,04/10/2022,A1
181,Pearla,Petrushka,80,Senegal,Poland,Greece,UA789,24/06/2022,B2
182,Bev,Whetnall,36,Indonesia,Japan,Cameroon,UA789,30/11/2022,A1
183,Ardeen,Mailey,72,China,Indonesia,Japan,DL456,14/11/2022,B2
184,Carver,Philippart,19,Tanzania,Montenegro,Indonesia,AA123,31/03/2022,B2
185,Mala,Woodger,68,Brazil,Argentina,Morocco,AA123,13/11/2022,A1
186,Penny,Kamien,61,France,Bhutan,Portugal,UA789,27/04/2022,A1
187,Judd,Grenshiels,72,France,Philippines,Indonesia,UA789,11/01/2022,A1
188,Aube,Scurrell,32,Argentina,Afghanistan,United States,DL456,25/08/2022,A1
189,Georgeanne,Dinsey,23,Poland,Peru,Ukraine,AA123,20/09/2022,A1
190,Drusy,Feathers,41,Japan,Thailand,Portugal,UA789,04/03/2022,B2
191,Bruce,Rubenfeld,73,Marshall Islands,Russia,Indonesia,DL456,29/01/2022,C3
192,Husain,Muncaster,78,Egypt,Honduras,Costa Rica,AA123,11/07/2022,C3
193,Chaddie,Spender,50,Indonesia,Finland,Saudi Arabia,AA123,18/12/2022,C3
194,Derrick,Fishpond,69,Russia,Poland,Bangladesh,AA123,27/11/2022,C3
195,Tammie,Cade,24,Mexico,Philippines,Russia,UA789,16/07/2022,B2
196,Lucian,Stonestreet,22,Paraguay,Chad,France,AA123,23/09/2022,C3
197,Garik,Bineham,58,Honduras,Czech Republic,Indonesia,AA123,22/11/2022,A1
198,Remy,Kassman,29,China,Sweden,Costa Rica,UA789,25/05/2022,A1
199,Arther,Turpey,65,South Africa,Philippines,Portugal,DL456,13/04/2022,A1
200,Violetta,Andrzejewski,76,Czech Republic,Nepal,Hong Kong,DL456,01/05/2022,C3
201,Kennith,Blunt,71,Philippines,Sweden,Japan,DL456,08/02/2022,A1
202,Frieda,Lympenie,37,Croatia,Peru,Sweden,AA123,25/02/2022,B2
203,Meryl,Goss,59,Indonesia,Czech Republic,Philippines,AA123,04/05/2022,A1
204,Lynnet,Maw,20,Honduras,Russia,France,DL456,02/09/2022,B2
205,Hi,Paskell,18,China,France,Ukraine,DL456,10/03/2022,A1
206,Katey,Iles,82,Bangladesh,Indonesia,Uzbekistan,UA789,10/12/2022,C3
207,Willa,Mazzilli,33,Brazil,Poland,Ukraine,UA789,19/12/2022,B2
208,Friederike,Staniland,43,China,Portugal,Pakistan,DL456,01/09/2022,A1
209,Maurita,Esome,47,Nigeria,Poland,China,UA789,12/11/2022,B2
210,Reine,Shuard,27,Thailand,China,Portugal,UA789,02/08/2022,A1
211,Emma,Ingon,84,Portugal,Indonesia,France,DL456,22/02/2022,A1
212,Winnifred,Habbert,58,China,United States,Portugal,AA123,17/09/2022,B2
213,Romona,Toffoloni,20,Canada,Russia,Poland,DL456,04/07/2022,B2
214,Jarid,Toun,21,Canada,Indonesia,Colombia,DL456,03/03/2022,C3
215,Gertrude,Atherley,38,Indonesia,Mongolia,China,DL456,30/10/2022,A1
216,Bree,Imlock,33,Poland,Russia,China,UA789,20/09/2022,B2
217,Diarmid,Quinnell,48,Indonesia,Poland,Indonesia,AA123,07/03/2022,B2
218,Jermain,Dewer,82,China,Colombia,Indonesia,DL456,27/11/2022,C3
219,Ulric,Peile,65,China,Indonesia,Russia,AA123,28/01/2022,C3
220,Ellswerth,Zanre,31,Peru,China,Portugal,UA789,20/08/2022,A1
221,Robbie,Sinkins,58,China,Bosnia and Herzegovina,Greece,AA123,17/06/2022,B2
222,Quentin,Andrioni,39,Serbia,Panama,China,DL456,13/05/2022,B2
223,Wendall,Eitter,52,Russia,China,Philippines,AA123,16/02/2022,A1
224,Durant,Crielly,25,China,China,Philippines,UA789,25/02/2022,B2
225,Queenie,Dellenbroker,56,Portugal,Malaysia,Ireland,AA123,02/05/2022,C3
226,Rachelle,Esom,70,Indonesia,Azerbaijan,Honduras,UA789,02/02/2022,B2
227,Shannon,Ruskin,30,Brazil,Iran,Croatia,DL456,09/12/2022,C3
228,Odele,Botly,84,China,South Africa,United States,DL456,23/04/2022,B2
229,Davidde,Flanner,77,Ukraine,Spain,South Africa,DL456,28/02/2022,A1
230,Moselle,Postin,29,Uzbekistan,Armenia,Greece,DL456,27/08/2022,A1
231,Waylon,Proswell,65,Russia,Indonesia,France,DL456,17/09/2022,B2
232,Trumann,Alabastar,84,China,Indonesia,Poland,DL456,23/10/2022,B2
233,Harwilll,L'Episcopio,47,Philippines,China,Kenya,DL456,22/07/2022,C3
234,Addi,Whitters,41,France,Poland,China,AA123,29/11/2022,C3
235,Joellen,Braxton,76,France,China,China,DL456,11/04/2022,C3
236,Pernell,Prickett,42,Finland,Hungary,China,AA123,20/03/2022,A1
237,Melonie,Gerrels,75,Philippines,Czech Republic,Bangladesh,DL456,20/05/2022,A1
238,Berni,McRuvie,33,Russia,Finland,United States,UA789,02/01/2022,B2
239,Jo ann,Postan,80,Norway,China,Russia,UA789,23/07/2022,B2
240,Ainslee,Grinham,85,China,Mali,Greece,DL456,02/03/2022,A1
241,Ebenezer,Keppel,61,Japan,China,China,AA123,30/05/2022,B2
242,Cedric,Hrihorovich,58,China,China,Russia,AA123,14/09/2022,A1
243,Chip,Skeete,70,Portugal,Portugal,China,UA789,15/04/2022,C3
244,Roanne,Bartlett,44,China,Poland,Tunisia,DL456,18/07/2022,B2
245,Sibley,Tommaseo,76,Argentina,Philippines,Colombia,DL456,03/06/2022,B2
246,Rodie,L'Hommeau,56,Russia,Poland,China,UA789,12/03/2022,C3
247,Obie,MacVicar,42,Lithuania,Thailand,Azerbaijan,DL456,25/02/2022,B2
248,Max,Toner,67,France,Czech Republic,Greece,AA123,07/07/2022,C3
249,Lorraine,Hurlston,27,Russia,Kenya,Mongolia,AA123,05/06/2022,C3
250,Fabiano,Prowting,82,Indonesia,Indonesia,Poland,AA123,17/03/2022,A1
251,Hartley,Ciric,40,Ireland,Tunisia,Russia,UA789,02/08/2022,A1
252,Bayard,Rowantree,72,Estonia,Botswana,Indonesia,AA123,02/03/2022,B2
253,Aldon,Colvin,37,Albania,Indonesia,Serbia,DL456,06/10/2022,C3
254,Borden,Sporrij,29,Benin,Canada,Peru,DL456,15/04/2022,A1
255,Chiquita,Hindsberg,41,Portugal,China,Uganda,UA789,18/02/2022,C3
256,Jacki,Durston,72,China,China,Sweden,DL456,21/10/2022,C3
257,Araldo,Kidd,84,Libya,Russia,China,UA789,15/03/2022,B2
258,Dre,Garnson,18,North Korea,China,Greece,AA123,11/10/2022,A1
259,Trueman,Tattershall,39,Costa Rica,Sweden,Sri Lanka,AA123,09/01/2022,A1
260,Valentia,Troak,64,France,Brazil,Afghanistan,UA789,14/08/2022,A1
261,Eada,Beetham,55,Ireland,Argentina,China,DL456,15/11/2022,A1
262,Kori,Bowle,49,Philippines,Indonesia,Peru,UA789,03/12/2022,C3
263,Janelle,Schindler,52,United States,China,French Polynesia,DL456,11/09/2022,B2
264,Anna,Alenov,56,Albania,Argentina,China,AA123,04/05/2022,A1
265,Al,Popworth,25,China,Peru,Indonesia,UA789,23/03/2022,A1
266,Lora,Kippie,35,Philippines,Mauritania,Egypt,UA789,01/12/2022,C3
267,Rhea,Bowry,30,Russia,South Korea,China,UA789,28/01/2022,A1
268,Debee,Stringman,57,Cuba,Philippines,Mexico,AA123,03/05/2022,A1
269,Orrin,Zettler,32,Indonesia,Kazakhstan,Sweden,AA123,28/06/2022,A1
270,Richart,Streat,63,Finland,Pakistan,Germany,UA789,05/04/2022,B2
271,Kristofor,Hackleton,53,China,Norway,United States,AA123,16/09/2022,A1
272,Daffi,Garter,29,Philippines,Ukraine,United States,DL456,27/01/2022,B2
273,Coralyn,Pischel,84,Nigeria,China,Ukraine,UA789,04/07/2022,A1
274,Leoine,Carle,37,Ukraine,Syria,China,DL456,22/01/2022,B2
275,Gwyneth,Saundercock,49,South Africa,Indonesia,China,UA789,12/03/2022,C3
276,Alexio,Ffoulkes,33,France,Madagascar,France,DL456,16/12/2022,B2
277,Naomi,Suffield,32,Colombia,Jordan,Serbia,UA789,27/08/2022,C3
278,Peta,Davidovic,55,Philippines,China,Philippines,AA123,05/04/2022,C3
279,Lise,McCloughen,77,Indonesia,United States,France,UA789,18/02/2022,C3
280,Candy,Iacovone,83,Portugal,Central African Republic,Sweden,AA123,10/02/2022,B2
281,Ingrid,Lapwood,61,Greece,China,France,DL456,04/06/2022,A1
282,Ysabel,Wardell,52,Madagascar,Spain,Mexico,AA123,30/06/2022,C3
283,Peterus,Ainsbury,43,Uganda,Canada,Czech Republic,DL456,11/04/2022,A1
284,Lisa,Folini,84,France,Philippines,China,AA123,05/02/2022,B2
285,Bren,Storks,61,Czech Republic,China,Sweden,AA123,11/02/2022,B2
286,Kingsly,McAnalley,45,Iran,Luxembourg,Ukraine,DL456,05/08/2022,C3
287,Jocelyn,Cucinotta,27,Republic of the Congo,France,Armenia,UA789,22/08/2022,A1
288,Ennis,Rylett,57,Ukraine,China,Ivory Coast,AA123,18/12/2022,B2
289,Kathe,Eckery,59,Philippines,Bosnia and Herzegovina,Palestinian Territory,AA123,08/05/2022,A1
290,Karoly,D'Orsay,29,Indonesia,Philippines,Portugal,DL456,16/01/2022,B2
291,Tobe,Merwe,72,Russia,Philippines,China,DL456,23/05/2022,C3
292,Lenora,Maryan,68,Indonesia,Vietnam,Kyrgyzstan,UA789,27/06/2022,C3
293,Anatollo,Simione,62,Ireland,Indonesia,Zambia,DL456,29/04/2022,A1
294,Marie,Garlick,21,Sweden,Croatia,China,DL456,05/04/2022,C3
295,Dee dee,Owbridge,52,United States,Kiribati,Venezuela,AA123,20/04/2022,C3
296,Waldo,Pree,51,Indonesia,Russia,Indonesia,AA123,23/01/2022,C3
297,Claiborn,Larne,55,Indonesia,Sudan,Russia,DL456,13/01/2022,B2
298,Emory,Patkin,43,Pakistan,Bosnia and Herzegovina,Indonesia,DL456,11/10/2022,B2
299,Gusella,Lingner,62,Philippines,China,Russia,AA123,13/07/2022,C3
300,Nessie,Macbane,49,Peru,Canada,Indonesia,UA789,15/09/2022,B2
301,Kalila,Sinnett,70,Czech Republic,Greece,Libya,AA123,24/11/2022,C3
302,Brittan,Giorgietto,65,Indonesia,Russia,Russia,UA789,09/09/2022,A1
303,Karil,Browne,56,Czech Republic,Samoa,Indonesia,UA789,27/09/2022,A1
304,Roseann,Feechan,29,Bulgaria,Japan,Philippines,AA123,30/05/2022,B2
305,Ruprecht,Fennell,72,Japan,Czech Republic,Russia,DL456,17/08/2022,C3
306,Ginny,Shakspeare,66,Indonesia,Yemen,Bolivia,AA123,01/09/2022,B2
307,Rois,Rutherford,37,China,Mexico,Nigeria,AA123,09/02/2022,B2
308,Trey,Gero,56,Philippines,Serbia,Pakistan,UA789,29/01/2022,B2
309,Brianna,Amiss,54,China,Republic of the Congo,Palestinian Territory,AA123,03/10/2022,B2
310,Jasper,Pringle,26,Russia,Brazil,China,AA123,22/12/2022,B2
311,Tamara,Jerrim,57,Somalia,Ivory Coast,France,DL456,10/10/2022,C3
312,Ingeborg,Loft,71,Russia,Indonesia,China,UA789,14/08/2022,B2
313,Boycie,Kippen,26,Russia,Norway,South Africa,AA123,08/04/2022,A1
314,Nata,Wheway,59,China,Peru,Moldova,AA123,11/05/2022,B2
315,Leanna,Varga,79,Ukraine,China,China,AA123,09/12/2022,B2
316,Brear,Chapellow,44,France,Pakistan,Vietnam,UA789,21/11/2022,A1
317,Gaby,Scanterbury,44,Russia,Indonesia,Tunisia,AA123,01/03/2022,B2
318,Michale,Twiggs,35,Brazil,Poland,Nicaragua,UA789,15/03/2022,B2
319,Silva,Ferre,72,France,China,Russia,AA123,11/03/2022,A1
320,Mari,Lardnar,71,France,Brazil,Portugal,DL456,13/01/2022,B2
321,Cornie,Peddersen,49,Indonesia,Thailand,Philippines,DL456,11/02/2022,A1
322,Philbert,Calway,85,China,China,Greece,DL456,22/02/2022,B2
323,Tonie,Blabber,78,Canada,Russia,China,AA123,19/01/2022,C3
324,Katlin,Houseago,49,United States,Niger,Netherlands,AA123,16/06/2022,C3
325,Boothe,Hardinge,61,China,Brazil,Indonesia,UA789,24/05/2022,C3
326,Chev,Alenin,26,Poland,Philippines,Indonesia,AA123,18/06/2022,B2
327,Conrado,Maplethorp,75,China,Philippines,Serbia,AA123,27/10/2022,A1
328,Casandra,Brockman,41,Brazil,Czech Republic,Belarus,AA123,20/10/2022,B2
329,Marie-ann,Panner,60,Ireland,Indonesia,Russia,DL456,07/04/2022,C3
330,Kliment,Biddulph,77,China,Haiti,China,DL456,15/08/2022,A1
331,Manda,Kyte,25,Serbia,Colombia,Greece,AA123,13/03/2022,B2
332,Garek,Peddie,76,Sierra Leone,Ukraine,Portugal,DL456,02/03/2022,A1
333,Stephen,D'Antonio,76,Jamaica,Croatia,Nepal,DL456,25/08/2022,A1
334,Burnard,Takis,28,Portugal,China,Canada,UA789,21/10/2022,A1
335,Reinhard,Polglase,37,Czech Republic,China,China,AA123,05/10/2022,A1
336,Dominique,Frostdicke,50,Croatia,China,Dominican Republic,UA789,19/08/2022,A1
337,Annalee,Tottman,64,Greece,Morocco,Jordan,UA789,11/09/2022,A1
338,Rosamond,Blanch,36,China,Ireland,Morocco,UA789,10/06/2022,C3
339,Marlin,Hawkshaw,77,Poland,China,Russia,DL456,02/05/2022,A1
340,Grier,Longland,69,France,China,Portugal,UA789,18/05/2022,A1
341,Janek,Martin,61,China,Philippines,Philippines,DL456,20/12/2022,C3
342,Gracia,Petriello,45,Portugal,Philippines,China,UA789,27/05/2022,A1
343,Jeth,Streatfeild,39,China,Indonesia,France,UA789,05/06/2022,B2
344,Linoel,Adamkiewicz,83,Tanzania,Colombia,Netherlands,DL456,12/11/2022,C3
345,Stearn,Maudlin,72,Indonesia,Jamaica,China,UA789,01/06/2022,C3
346,Cristobal,Palmar,64,Philippines,United States,Philippines,DL456,07/09/2022,C3
347,Russ,Ramsay,18,China,Russia,China,DL456,20/04/2022,C3
348,Marilee,Casaro,29,Philippines,Ethiopia,China,UA789,02/11/2022,A1
349,Tate,Stainer,54,Poland,Uzbekistan,Yemen,AA123,08/12/2022,C3
350,Gothart,Diano,79,Tunisia,France,Nicaragua,DL456,23/05/2022,C3
351,Tarrance,McGaugey,18,Argentina,Guatemala,Albania,UA789,23/04/2022,B2
352,Pen,Breslin,57,Croatia,Indonesia,China,UA789,31/03/2022,B2
353,Suzy,Empringham,79,Papua New Guinea,France,Canada,UA789,02/08/2022,C3
354,Dun,Heppenspall,78,China,Cameroon,Ireland,DL456,07/01/2022,C3
355,Christen,Kobpal,85,Indonesia,Mexico,Indonesia,AA123,23/05/2022,B2
356,Costanza,Bowkley,44,China,Argentina,France,DL456,24/09/2022,C3
357,Bruno,Normanvill,84,China,China,Indonesia,UA789,16/04/2022,C3
358,Lia,Ramsdell,18,China,Indonesia,Brazil,DL456,04/08/2022,C3
359,Rosy,Cow,77,Brazil,Poland,Poland,AA123,24/09/2022,A1
360,Gillian,Hannabuss,66,Portugal,Thailand,China,AA123,10/08/2022,B2
361,Lettie,Yakobovitz,23,China,Indonesia,China,DL456,23/10/2022,C3
362,Kalvin,Jaynes,62,Thailand,Russia,China,UA789,12/08/2022,A1
363,Bryon,Crowch,61,Colombia,Poland,Cameroon,UA789,04/01/2022,C3
364,Wren,Goskar,56,Ukraine,Japan,Poland,DL456,16/05/2022,B2
365,Burnaby,Le Surf,48,Togo,Philippines,Croatia,DL456,22/03/2022,A1
366,Sharlene,Assur,59,China,Poland,New Zealand,UA789,09/08/2022,A1
367,Anders,Hallick,75,China,Vietnam,Argentina,UA789,24/01/2022,A1
368,Lena,Helix,38,Philippines,Philippines,China,AA123,13/11/2022,C3
369,Oates,Duckworth,79,Portugal,Cape Verde,China,AA123,10/02/2022,A1
370,Esta,Durnan,19,Croatia,Iraq,China,UA789,28/06/2022,B2
371,Skipper,Devaney,26,Indonesia,China,Brazil,DL456,25/09/2022,A1
372,Verile,Behnecke,19,Sweden,Russia,Russia,UA789,10/02/2022,C3
373,Kristine,McCullum,68,Norway,Brazil,Portugal,AA123,12/09/2022,B2
374,Percy,Signe,72,Morocco,Gambia,China,UA789,04/03/2022,C3
375,Benton,Avrahamoff,34,Hungary,Ethiopia,Malaysia,AA123,18/10/2022,B2
376,Lon,Dobinson,40,Bolivia,Comoros,China,AA123,06/04/2022,A1
377,Renault,Blackie,65,China,Italy,Vietnam,UA789,17/09/2022,C3
378,Meade,Duce,69,Japan,Indonesia,Ecuador,DL456,06/04/2022,B2
379,Zuzana,Kingaby,18,Canada,Philippines,France,AA123,24/08/2022,C3
380,Terri,Krimmer,64,China,Indonesia,Russia,AA123,19/12/2022,C3
381,Susanna,Yirrell,52,Guatemala,Egypt,Latvia,AA123,20/06/2022,A1
382,Valeda,McRobbie,28,United States,Indonesia,Colombia,AA123,06/10/2022,C3
383,Wilhelmine,Fronzek,73,Philippines,Sweden,China,DL456,06/07/2022,A1
384,Avrom,Lightbody,28,Peru,Czech Republic,Azerbaijan,UA789,04/02/2022,B2
385,Marcello,Blakeney,57,Portugal,Indonesia,China,DL456,08/02/2022,C3
386,Phelia,Harrisson,27,Poland,China,Sweden,UA789,14/01/2022,C3
387,Yorke,Gonin,53,Libya,Russia,Sweden,DL456,28/07/2022,C3
388,Trenna,Grinsdale,61,Czech Republic,Malaysia,China,DL456,18/06/2022,C3
389,Raoul,Mulvin,68,United States,France,Philippines,DL456,22/01/2022,C3
390,Buddie,Croyser,49,Indonesia,Finland,Brazil,DL456,25/04/2022,C3
391,Kimberly,Kenner,57,Portugal,Palestinian Territory,China,DL456,22/11/2022,C3
392,Frasquito,Kuban,21,China,Russia,Bulgaria,DL456,16/07/2022,C3
393,Adrien,Presho,78,China,Malaysia,France,AA123,21/12/2022,A1
394,Teena,Eaglesham,83,Canada,China,Tunisia,DL456,25/05/2022,A1
395,Colet,Chaperling,56,Benin,Russia,Chile,AA123,19/11/2022,C3
396,Wilona,Brodbin,72,Philippines,Russia,Philippines,AA123,22/03/2022,A1
397,Jennilee,Wayland,23,Mexico,Portugal,Indonesia,DL456,02/06/2022,A1
398,Rozamond,Gamlin,75,Russia,Peru,Portugal,UA789,21/05/2022,C3
399,Vere,Bownd,29,Greece,China,Nigeria,AA123,04/05/2022,A1
400,Roman,Pounsett,56,Russia,China,Philippines,AA123,17/07/2022,A1
401,Nickolai,Cattermole,73,Serbia,France,Russia,AA123,18/12/2022,C3
402,Bertie,Spurdon,54,Spain,Russia,Peru,UA789,03/07/2022,C3
403,Marline,Szymoni,66,China,Morocco,Canada,UA789,12/05/2022,B2
404,Lothario,McPaike,46,China,Peru,China,DL456,12/05/2022,C3
405,Sandye,Cragg,33,Macedonia,Poland,Argentina,DL456,19/07/2022,A1
406,Sherilyn,McCarney,34,Indonesia,Russia,United States,AA123,18/06/2022,B2
407,Tawnya,Creswell,32,Russia,Russia,Philippines,DL456,10/11/2022,B2
408,Pris,Repp,65,Mongolia,Botswana,Poland,AA123,27/11/2022,C3
409,Victor,Duckitt,68,South Africa,Bosnia and Herzegovina,China,UA789,18/04/2022,B2
410,Samuel,Korlat,80,Ethiopia,Indonesia,Indonesia,AA123,08/04/2022,A1
411,Trstram,Diplock,75,Poland,Morocco,China,DL456,17/01/2022,B2
412,Evanne,Bickerstaff,31,China,Taiwan,Portugal,DL456,23/07/2022,C3
413,Jake,Silbert,40,Croatia,Philippines,Poland,DL456,02/04/2022,B2
414,Jasmina,Bruin,54,Russia,Sweden,Ireland,AA123,01/03/2022,B2
415,Jessie,Dabnot,54,Brazil,Albania,Czech Republic,DL456,07/03/2022,C3
416,Merlina,Kulic,62,China,Russia,China,DL456,05/07/2022,B2
417,Curtis,O'Hogertie,58,Poland,Sweden,Peru,AA123,18/09/2022,B2
418,Gabrila,Fussey,31,China,China,Japan,AA123,29/07/2022,B2
419,Carney,Bryan,25,Libya,Philippines,Greece,DL456,24/01/2022,C3
420,Joseph,Stroyan,54,France,Greece,China,DL456,11/09/2022,A1
421,Octavius,Costa,62,Thailand,China,Greece,UA789,19/08/2022,B2
422,Elinor,Gauntley,46,China,China,France,UA789,16/01/2022,A1
423,Markos,Curcher,79,Portugal,France,Philippines,AA123,20/08/2022,A1
424,Laurie,Tilling,61,China,Sweden,Colombia,DL456,29/06/2022,C3
425,Luce,O'Beirne,23,Uganda,China,Colombia,DL456,02/08/2022,A1
426,Chip,Davidow,38,United Arab Emirates,China,United States,DL456,19/08/2022,B2
427,Kristofer,Garstang,79,France,Colombia,Canada,AA123,08/04/2022,B2
428,Guilbert,Benson,29,Portugal,France,China,UA789,17/08/2022,B2
429,Padget,Cloute,84,Bulgaria,France,Morocco,DL456,02/01/2022,B2
430,Susanne,Bediss,41,Colombia,Ivory Coast,Pakistan,UA789,07/09/2022,B2
431,Jojo,Jarrard,65,Macedonia,Tajikistan,China,DL456,15/09/2022,B2
432,Reagan,Kincaid,19,New Caledonia,United States,North Korea,UA789,01/02/2022,C3
433,Ethelbert,Lidgard,81,Indonesia,Greece,Poland,UA789,06/03/2022,B2
434,Sheryl,Wynrahame,79,China,Poland,Sweden,DL456,20/09/2022,A1
435,Osgood,Amburgy,35,Indonesia,United States,Netherlands,AA123,30/09/2022,B2
436,Carlyn,Vassano,72,South Korea,Morocco,Mali,DL456,13/03/2022,C3
437,Galina,Jacklings,24,China,Philippines,Belarus,AA123,26/03/2022,B2
438,Marlane,MacKean,29,Portugal,Lithuania,Bosnia and Herzegovina,UA789,23/12/2022,C3
439,Trace,Ludwikiewicz,52,Indonesia,Philippines,Russia,UA789,08/03/2022,C3
440,Delly,Mackieson,79,Sweden,Russia,Luxembourg,DL456,06/01/2022,C3
441,Harriot,Dummigan,85,Mongolia,Canada,East Timor,DL456,17/04/2022,A1
442,Forbes,Oliver,62,Guyana,Democratic Republic of the Congo,China,DL456,17/07/2022,C3
443,Rudd,Mothersdale,63,New Caledonia,Indonesia,Indonesia,DL456,07/08/2022,B2
444,Daffi,Coneybeer,82,Philippines,Jordan,Saint Vincent and the Grenadines,DL456,28/04/2022,A1
445,Caryl,Hintzer,24,Cameroon,Russia,Somalia,DL456,17/12/2022,B2
446,Elianora,Bolliver,61,Sudan,France,China,UA789,12/12/2022,A1
447,Kaylee,McIleen,21,United States,Mexico,China,UA789,07/07/2022,C3
448,Emmy,Presnall,76,South Korea,Peru,Indonesia,DL456,03/12/2022,A1
449,Aeriel,Forcer,59,Russia,China,China,DL456,08/10/2022,A1
450,Ernst,Cayley,41,Indonesia,Ukraine,Syria,UA789,28/10/2022,A1
451,Stillman,Maes,35,Czech Republic,China,Philippines,DL456,12/07/2022,A1
452,Perl,Muzzi,57,Indonesia,Serbia,Colombia,DL456,29/05/2022,B2
453,Demetre,Valintine,67,Angola,Russia,Russia,AA123,21/07/2022,A1
454,Bobine,Buxy,67,China,Bosnia and Herzegovina,Poland,DL456,07/07/2022,B2
455,Katalin,Kleinplac,63,Guam,Poland,United States,UA789,03/10/2022,B2
456,Ailis,Blaney,75,Norway,Honduras,Afghanistan,AA123,28/02/2022,C3
457,Ambros,Alflatt,46,Japan,Indonesia,Luxembourg,DL456,20/02/2022,B2
458,Shaina,Pardey,51,Indonesia,China,Russia,DL456,09/10/2022,C3
459,Marve,McKennan,55,Spain,China,China,UA789,29/09/2022,A1
460,Abe,Polye,34,Ukraine,China,China,UA789,21/08/2022,B2
461,Greggory,Paulino,77,Japan,China,Uzbekistan,DL456,03/06/2022,C3
462,Marchelle,O'Lennachain,55,China,Poland,Germany,AA123,12/09/2022,C3
463,Barbara,Reeves,55,Czech Republic,China,Poland,AA123,15/11/2022,C3
464,Merrile,Glasscock,25,Argentina,Indonesia,Palau,UA789,23/05/2022,C3
465,Tanner,Wellstood,52,Croatia,Russia,Egypt,DL456,09/11/2022,C3
466,Redd,Kinsell,62,China,Venezuela,Tajikistan,AA123,28/03/2022,A1
467,Casper,Gisburne,54,China,Vietnam,Spain,DL456,07/09/2022,C3
468,Vicki,O'Meara,70,Pakistan,France,China,AA123,23/06/2022,B2
469,Martyn,Carlett,46,Indonesia,Brazil,Sweden,AA123,12/11/2022,B2
470,Dwayne,Smullen,26,Albania,United States,Russia,UA789,14/09/2022,C3
471,Bennie,Vaskov,60,Indonesia,Iran,Nigeria,DL456,15/10/2022,C3
472,Noah,Curgenuer,24,Japan,Czech Republic,China,AA123,24/02/2022,A1
473,Auberon,Klee,70,Tajikistan,Indonesia,Yemen,UA789,24/06/2022,B2
474,Annabal,Budnk,44,France,Cameroon,Poland,UA789,21/07/2022,C3
475,Jan,Rankmore,71,Indonesia,Peru,China,UA789,25/03/2022,C3
476,Christal,Wearne,29,China,Philippines,Argentina,DL456,31/08/2022,C3
477,Kimbell,Willey,71,China,Czech Republic,Bulgaria,DL456,23/12/2022,C3
478,Allianora,Nijssen,18,Greece,China,Uganda,DL456,20/02/2022,A1
479,Shawn,McGaughey,27,Indonesia,Malaysia,Poland,UA789,20/05/2022,B2
480,Joellen,Buckenhill,18,Thailand,El Salvador,Saudi Arabia,UA789,26/08/2022,C3
481,Harli,Thirwell,29,Japan,Brazil,Greece,AA123,23/03/2022,C3
482,Ree,Chalice,18,United States,Netherlands,Uganda,DL456,27/02/2022,A1
483,Sigvard,Tomlinson,41,France,Nigeria,Pakistan,DL456,08/06/2022,C3
484,Noland,Dunstone,66,Vietnam,Uganda,China,UA789,13/04/2022,C3
485,Stephani,Landrick,50,Brazil,Indonesia,Peru,DL456,11/12/2022,C3
486,Christel,Rambaut,29,Micronesia,Poland,French Polynesia,AA123,14/11/2022,B2
487,Melisse,O'Sherin,55,Ukraine,Russia,Brazil,AA123,10/06/2022,A1
488,Caryl,Skarr,81,Netherlands,Ukraine,United States,UA789,14/12/2022,A1
489,Billye,Tapper,65,Russia,Peru,Morocco,DL456,20/04/2022,A1
490,Rad,Swaden,78,Poland,Palestinian Territory,China,DL456,23/05/2022,B2
491,Deidre,Ezzell,73,Portugal,China,Uganda,AA123,13/12/2022,C3
492,Traci,Shepperd,58,China,Poland,Indonesia,AA123,21/11/2022,A1
493,Oliy,Coakley,63,Poland,China,Sweden,AA123,23/05/2022,A1
494,Windy,Harbert,53,Peru,China,Malaysia,DL456,03/08/2022,B2
495,Jimmie,Trenoweth,37,China,Portugal,China,UA789,10/12/2022,A1
496,Linoel,Ingyon,50,Djibouti,Kyrgyzstan,China,DL456,11/10/2022,A1
497,Clarissa,Newlin,54,Sweden,China,China,UA789,24/06/2022,B2
498,Devondra,Petrenko,24,Sweden,China,Thailand,DL456,05/07/2022,B2
499,Bonny,Clausner,50,Guinea-Bissau,Tajikistan,Peru,AA123,11/03/2022,C3
500,Earvin,Sheaber,63,Argentina,Malaysia,Philippines,DL456,15/06/2022,A1
501,Ferrell,Testo,53,Philippines,Russia,Brazil,AA123,30/08/2022,B2
502,Windy,Cooke,53,Portugal,Indonesia,Thailand,UA789,21/03/2022,C3
503,Lind,Spinnace,18,Netherlands,Brazil,North Korea,AA123,30/07/2022,A1
504,Aguie,Beckhouse,85,Brazil,Colombia,Libya,AA123,10/02/2022,C3
505,Anthiathia,Culverhouse,27,China,China,Indonesia,AA123,24/05/2022,C3
506,Gustav,Laise,18,China,Peru,Indonesia,AA123,07/03/2022,B2
507,Rouvin,Tevlin,32,Dominican Republic,Canada,Costa Rica,AA123,24/03/2022,A1
508,Nicola,Finicj,72,Sri Lanka,France,Portugal,DL456,21/08/2022,A1
509,Vanny,Ellar,84,Norway,Ukraine,Chad,DL456,28/01/2022,C3
510,Viv,Phethean,46,Philippines,Russia,China,UA789,29/01/2022,C3
511,Taddeusz,Arnault,41,Ethiopia,Indonesia,Greece,AA123,23/09/2022,B2
512,Christa,Gorch,42,Morocco,Jordan,Pakistan,AA123,07/04/2022,C3
513,Rufus,Allaway,83,United States,China,Pakistan,UA789,30/09/2022,C3
514,Cele,Axworthy,18,Croatia,Cuba,Bulgaria,UA789,21/09/2022,B2
515,Jodi,Cowx,49,China,Indonesia,France,AA123,24/03/2022,B2
516,Ario,Abbys,61,Portugal,Philippines,China,DL456,09/11/2022,A1
517,Phillip,Dealey,44,Brazil,Indonesia,Sweden,DL456,18/01/2022,C3
518,Jesus,Veschambes,73,Indonesia,China,Brazil,UA789,13/03/2022,C3
519,Ardith,Verey,22,China,Brazil,Belarus,AA123,03/11/2022,C3
520,Barbabra,Duffield,58,Indonesia,Mongolia,Vanuatu,UA789,20/09/2022,B2
521,Mark,Casburn,39,Indonesia,Nepal,Colombia,UA789,09/01/2022,B2
522,Herbie,Blodget,74,Yemen,China,Indonesia,UA789,19/03/2022,C3
523,Nonna,Achurch,70,Nepal,China,Indonesia,DL456,21/07/2022,B2
524,Morris,Wrintmore,48,Poland,Ukraine,Indonesia,DL456,28/12/2022,A1
525,Antonia,Simionato,69,Reunion,Lebanon,China,DL456,24/08/2022,A1
526,Oswell,Farahar,68,Japan,United Kingdom,China,DL456,14/01/2022,B2
527,Maury,Sommerlie,21,Peru,Nigeria,Portugal,AA123,29/11/2022,A1
528,Arnold,Warr,59,China,Brazil,Indonesia,UA789,28/08/2022,B2
529,Ahmed,Diben,45,China,France,Maldives,UA789,04/09/2022,B2
530,Leena,Dallaway,50,China,Russia,Poland,DL456,08/12/2022,A1
531,Lyn,Dimitrov,23,Morocco,Philippines,Panama,AA123,21/03/2022,B2
532,Lorenzo,Riba,72,Bulgaria,Netherlands,Thailand,AA123,24/12/2022,C3
533,Mora,Guarnier,48,China,Mayotte,China,AA123,06/02/2022,A1
534,Martino,Polhill,46,Brazil,Brazil,Israel,UA789,11/09/2022,C3
535,Temple,Van den Broek,22,Russia,Russia,Indonesia,DL456,27/11/2022,C3
536,Rosanne,Oxburgh,48,Indonesia,Indonesia,Brazil,AA123,30/03/2022,A1
537,Willabella,Bloodworth,82,Brazil,China,China,DL456,30/05/2022,A1
538,Nannette,Lowder,79,South Africa,Georgia,Indonesia,AA123,01/03/2022,B2
539,Doris,Beernaert,31,Yemen,Spain,Angola,DL456,13/11/2022,C3
540,Dolf,McCathay,29,Russia,Afghanistan,China,UA789,21/09/2022,B2
541,Maddi,Cardenas,42,Colombia,Yemen,Mexico,DL456,24/11/2022,C3
542,Winnie,Kuhlmey,52,Ukraine,Colombia,Indonesia,UA789,20/01/2022,B2
543,Angel,Almeida,43,Syria,Philippines,Indonesia,UA789,28/11/2022,A1
544,Elvin,Stroyan,30,China,Japan,Ivory Coast,DL456,03/06/2022,A1
545,Pieter,Eannetta,48,Czech Republic,China,Kazakhstan,AA123,06/06/2022,A1
546,Hansiain,Barnfather,82,China,Argentina,Chile,AA123,31/03/2022,A1
547,Dory,Hadgraft,31,China,Indonesia,Russia,DL456,17/09/2022,B2
548,Evin,Hawarden,54,Philippines,Bosnia and Herzegovina,Poland,AA123,02/12/2022,C3
549,Jesselyn,Carberry,67,Slovenia,Sweden,Indonesia,UA789,20/08/2022,A1
550,Norean,Cino,81,Greece,Mexico,Armenia,UA789,02/12/2022,B2
551,Wynn,Ivashintsov,50,China,Botswana,Sweden,AA123,15/04/2022,B2
552,Ronnica,Fones,49,Brazil,Indonesia,China,UA789,22/02/2022,C3
553,Frasier,McIlwraith,63,Japan,Japan,China,DL456,24/06/2022,B2
554,Robena,Mattusevich,21,China,South Africa,China,AA123,07/09/2022,B2
555,Virge,Petworth,77,Japan,Indonesia,Ukraine,DL456,26/02/2022,B2
556,Ericha,Siveyer,62,South Korea,China,China,DL456,21/07/2022,C3
557,Zsa zsa,Puden,69,China,Argentina,Japan,DL456,19/10/2022,C3
558,Anita,Wellbank,73,France,Pakistan,Argentina,AA123,18/03/2022,C3
559,Bank,Credland,78,China,Sweden,Indonesia,UA789,29/09/2022,C3
560,Camella,Gerler,47,China,Guatemala,Portugal,AA123,04/12/2022,C3
561,Constantine,Jeffrey,64,Angola,Philippines,Kuwait,AA123,12/07/2022,B2
562,Dorolice,Elsmere,81,China,Albania,Indonesia,DL456,23/10/2022,B2
563,Violet,Tamas,30,Poland,Portugal,China,AA123,02/08/2022,A1
564,Bambi,Fannin,84,Indonesia,Russia,Peru,DL456,09/09/2022,C3
565,Gwennie,Mougenel,78,Guatemala,Russia,United States,DL456,24/09/2022,C3
566,Drud,Osment,78,Indonesia,Portugal,Honduras,AA123,07/08/2022,C3
567,Audrye,Pedreschi,23,Philippines,Indonesia,Indonesia,DL456,06/02/2022,A1
568,Sawyere,Butters,56,Thailand,Indonesia,Netherlands,DL456,20/01/2022,B2
569,Genevra,Valentinuzzi,74,Indonesia,Tajikistan,France,AA123,08/03/2022,A1
570,Britteny,Deeman,65,China,Ireland,Ethiopia,UA789,05/01/2022,C3
571,Rene,Faier,31,Peru,Honduras,Philippines,AA123,10/09/2022,B2
572,Pedro,Lathleiff,38,Rwanda,Philippines,Philippines,DL456,22/11/2022,A1
573,Max,Sharper,46,Philippines,China,Indonesia,UA789,05/12/2022,B2
574,Nelson,Filoniere,64,Latvia,Guatemala,Belarus,DL456,07/06/2022,A1
575,Livia,Lauridsen,84,France,Brazil,China,DL456,11/10/2022,A1
576,Elsi,Baldoni,45,Moldova,Philippines,China,AA123,14/03/2022,B2
577,Car,Ould,67,China,Nigeria,Canada,UA789,09/04/2022,C3
578,Kellina,Ansty,27,Thailand,Philippines,China,DL456,28/03/2022,B2
579,Daria,Jammet,29,Serbia,Philippines,China,AA123,06/10/2022,C3
580,Mercie,Samet,57,Madagascar,Ukraine,China,AA123,13/10/2022,C3
581,Merola,Deinert,50,France,France,Colombia,DL456,26/09/2022,B2
582,Maia,Geerling,45,Peru,Philippines,Indonesia,AA123,28/12/2022,C3
583,Janna,Etchells,62,China,Argentina,Portugal,DL456,13/02/2022,C3
584,Sebastiano,Prandin,54,Indonesia,Colombia,Philippines,DL456,02/04/2022,B2
585,Cordie,Ilyin,82,Indonesia,Palestinian Territory,Argentina,UA789,11/05/2022,B2
586,Dulcia,Rainard,47,Saudi Arabia,United States,Russia,DL456,18/08/2022,B2
587,Louisette,Wicks,66,China,United States,China,AA123,11/10/2022,C3
588,Tamma,Bartalini,49,South Africa,Czech Republic,Russia,DL456,15/03/2022,A1
589,Christi,Haibel,25,Serbia,Philippines,France,AA123,26/02/2022,B2
590,Sheelah,Kornyshev,21,Indonesia,China,Egypt,DL456,29/07/2022,B2
591,Ermina,Asplen,81,Portugal,China,China,DL456,03/03/2022,B2
592,Seth,Dowson,20,Greece,Vietnam,France,DL456,29/04/2022,A1
593,Carver,Smitham,66,Thailand,China,Mexico,DL456,26/03/2022,A1
594,Broderick,Steele,82,Indonesia,China,Sweden,AA123,16/09/2022,C3
595,Minne,Huett,75,China,Ukraine,Sweden,UA789,11/08/2022,A1
596,Leesa,Bullerwell,29,China,Russia,China,DL456,30/09/2022,B2
597,Dmitri,Durrett,80,Serbia,Poland,Nigeria,DL456,01/12/2022,C3
598,Deva,Dennick,61,France,Portugal,Russia,AA123,01/10/2022,A1
599,Banky,Yakobowitz,84,Japan,Poland,Japan,DL456,19/01/2022,B2
600,Ginevra,Walsh,77,Portugal,Japan,Thailand,DL456,07/01/2022,C3
601,Arlyn,Tuison,74,Bhutan,Czech Republic,Vietnam,AA123,12/06/2022,A1
602,Vivianna,Burwin,55,Brazil,China,Peru,DL456,01/03/2022,A1
603,Tymothy,Vlasov,68,Georgia,Brazil,Mexico,AA123,14/11/2022,A1
604,Anne-corinne,Enrdigo,59,Indonesia,Indonesia,Ireland,DL456,04/09/2022,A1
605,Artur,Blake,71,Indonesia,Myanmar,Cuba,UA789,04/11/2022,B2
606,Michele,Rowat,35,Greece,Philippines,Luxembourg,UA789,30/05/2022,B2
607,Rockie,Meak,43,Japan,Czech Republic,Philippines,UA789,16/02/2022,A1
608,Alyse,Collymore,52,Colombia,Sweden,Ukraine,UA789,10/03/2022,B2
609,Curran,Ralfe,73,China,China,Poland,UA789,08/10/2022,B2
610,Guy,Foxcroft,58,North Korea,Morocco,Philippines,DL456,10/03/2022,B2
611,Sascha,Darville,20,China,Angola,Norway,AA123,09/06/2022,A1
612,Lizbeth,Blazek,65,Indonesia,China,Indonesia,UA789,23/12/2022,B2
613,Robbyn,Etches,77,Venezuela,Slovenia,Mexico,AA123,21/05/2022,B2
614,Annabella,Slott,19,Nigeria,Russia,Saudi Arabia,DL456,10/06/2022,A1
615,Patrice,Adger,23,Saudi Arabia,Ukraine,Brazil,DL456,18/01/2022,C3
616,Stanford,Kippax,36,Vietnam,China,Thailand,AA123,04/04/2022,C3
617,Ailis,Doale,68,Indonesia,Argentina,China,DL456,11/11/2022,C3
618,Justis,D'Avaux,37,Peru,Poland,Portugal,UA789,31/08/2022,C3
619,Abbie,Askaw,74,China,Philippines,Mauritius,DL456,25/12/2022,C3
620,Idette,Verbruggen,78,Jordan,Indonesia,Indonesia,DL456,24/09/2022,B2
621,Modesty,Pettiward,46,Indonesia,Ukraine,Czech Republic,DL456,02/02/2022,C3
622,Celine,Blayney,29,China,Indonesia,Indonesia,AA123,14/12/2022,B2
623,Calli,Mustarde,47,Venezuela,Serbia,Czech Republic,AA123,06/11/2022,C3
624,Ynes,Castiblanco,41,Russia,Russia,New Caledonia,AA123,19/10/2022,A1
625,Loydie,MacCostigan,47,Indonesia,Greece,China,AA123,06/04/2022,A1
626,Chad,Turk,45,Canada,Bangladesh,Brazil,AA123,18/04/2022,B2
627,Claudelle,Friedlos,36,China,Mexico,Indonesia,AA123,22/10/2022,A1
628,Nicolais,Tallon,21,Philippines,China,Russia,AA123,19/12/2022,B2
629,Evie,Frazier,78,Morocco,Czech Republic,Indonesia,DL456,16/03/2022,C3
630,Scottie,Gratten,55,Japan,Vietnam,Jamaica,DL456,03/06/2022,A1
631,Tamas,Beathem,82,Ireland,Malaysia,Russia,AA123,05/03/2022,B2
632,Orran,Chastan,20,Portugal,Costa Rica,China,AA123,24/10/2022,C3
633,Bendix,Cutcliffe,36,Poland,Nigeria,Syria,UA789,29/07/2022,A1
634,Andreas,Drage,35,Sweden,Indonesia,Iran,AA123,20/05/2022,A1
635,Kittie,Bonifazio,80,Argentina,China,Philippines,AA123,08/03/2022,C3
636,Damien,Lewsie,59,Jamaica,Madagascar,China,DL456,06/10/2022,C3
637,Veronika,Starte,33,Russia,France,Slovenia,DL456,09/09/2022,A1
638,Alick,Shoard,47,Argentina,Brazil,China,AA123,19/03/2022,B2
639,Edita,Basezzi,80,China,Ghana,Indonesia,UA789,12/06/2022,A1
640,Jon,Birley,39,China,Colombia,China,AA123,01/04/2022,A1
641,Hillier,Lodevick,84,China,Spain,Russia,AA123,18/05/2022,C3
642,Thor,Catherall,27,Saudi Arabia,United States,Indonesia,UA789,26/02/2022,C3
643,Netti,Rastrick,23,Indonesia,China,Russia,UA789,05/09/2022,A1
644,Cati,Minto,60,China,Japan,China,AA123,07/07/2022,C3
645,Cris,Patullo,60,China,Czech Republic,Brazil,AA123,04/09/2022,C3
646,Eadmund,Breckwell,79,Indonesia,Poland,China,AA123,04/12/2022,A1
647,Early,Skipping,75,Cameroon,Russia,China,AA123,05/10/2022,A1
648,Gilbertine,Murname,56,China,Russia,Russia,UA789,09/02/2022,C3
649,Ulrica,Ullyott,43,Ireland,Poland,Sierra Leone,UA789,01/09/2022,A1
650,Leonerd,Gilluley,21,Russia,France,Malaysia,DL456,18/10/2022,A1
651,Ingrim,Jeffress,80,Thailand,Democratic Republic of the Congo,China,AA123,09/09/2022,A1
652,Linnie,Meach,32,Syria,China,Venezuela,DL456,04/03/2022,B2
653,Eddi,Franscioni,58,Mongolia,China,Indonesia,DL456,22/12/2022,A1
654,Ruthann,Cyples,20,Indonesia,China,China,AA123,21/06/2022,B2
655,Nerty,Sedgeman,43,Philippines,Canada,Colombia,DL456,04/07/2022,C3
656,Trude,Underdown,77,Taiwan,Egypt,Nigeria,DL456,15/05/2022,C3
657,Ware,Berrill,62,Russia,China,Mongolia,UA789,13/09/2022,B2
658,Kermit,Nancekivell,24,Sweden,Indonesia,Palestinian Territory,UA789,15/09/2022,B2
659,Jereme,McFeate,36,China,Portugal,North Korea,AA123,03/03/2022,B2
660,Codi,Broggetti,84,Ecuador,Japan,Philippines,AA123,20/10/2022,A1
661,Loren,Muncaster,36,Portugal,Tanzania,Indonesia,UA789,16/12/2022,A1
662,Burl,Haversum,33,Indonesia,Argentina,China,UA789,15/03/2022,A1
663,Kalindi,Mulqueeny,32,Japan,Philippines,Ukraine,DL456,19/01/2022,A1
664,Artie,Swaine,71,Croatia,Colombia,Poland,UA789,05/12/2022,A1
665,Tabbi,Ollive,20,China,Namibia,Syria,DL456,06/05/2022,A1
666,Paddy,Duffer,58,Colombia,China,Indonesia,AA123,15/08/2022,C3
667,Becka,Lipp,33,China,Indonesia,Russia,DL456,01/04/2022,A1
668,Ray,Greatbank,40,Brazil,Poland,Tanzania,UA789,14/06/2022,C3
669,Stesha,Toulamain,69,China,Philippines,China,UA789,10/03/2022,B2
670,Randy,Behagg,41,Indonesia,Vietnam,Brazil,UA789,31/08/2022,B2
671,Wenda,Suche,44,Ukraine,China,Indonesia,AA123,17/07/2022,B2
672,Lenora,Smithyman,69,Philippines,Portugal,Czech Republic,AA123,11/09/2022,A1
673,Viv,Ridsdale,62,France,Indonesia,Indonesia,UA789,18/08/2022,A1
674,Mireielle,Mar,29,Indonesia,Poland,Jordan,UA789,04/12/2022,C3
675,Durant,VanBrugh,27,Sweden,New Zealand,Paraguay,DL456,24/11/2022,A1
676,Allyn,Windeatt,48,China,Thailand,Russia,AA123,15/06/2022,B2
677,Kelli,Battison,55,China,Argentina,Argentina,AA123,11/12/2022,B2
678,Conant,Gorman,74,Argentina,Panama,Pakistan,UA789,12/05/2022,C3
679,Halimeda,Goldhawk,77,Brazil,Ukraine,Peru,DL456,15/07/2022,A1
680,Herrick,Whitear,68,Cameroon,Brazil,Israel,AA123,26/11/2022,B2
681,Janetta,Boundy,55,China,Indonesia,Slovenia,DL456,02/10/2022,C3
682,Lowell,Casero,19,Uganda,Brazil,Portugal,DL456,15/03/2022,B2
683,Sigismundo,Cettell,30,China,Indonesia,China,AA123,09/06/2022,A1
684,Danita,Gosalvez,19,Malawi,Pakistan,China,UA789,18/11/2022,A1
685,Karisa,Sapey,18,Afghanistan,Russia,China,UA789,04/02/2022,A1
686,Nessie,Hourihane,78,Ukraine,Indonesia,China,DL456,19/09/2022,A1
687,Fax,Veldens,50,China,Honduras,Portugal,UA789,11/11/2022,A1
688,Erek,Eadon,39,Poland,Greece,Peru,UA789,31/05/2022,B2
689,Cameron,Finders,21,Indonesia,Afghanistan,Colombia,DL456,18/05/2022,A1
690,Vivianne,Roizn,65,Saint Kitts and Nevis,Mongolia,China,UA789,10/01/2022,A1
691,Tobe,Chaloner,25,Peru,Poland,United States,UA789,17/08/2022,A1
692,Roland,Morfett,80,Philippines,Honduras,Ukraine,AA123,03/09/2022,A1
693,Mimi,Copeman,29,Russia,Greece,Pakistan,AA123,20/09/2022,A1
694,Clifford,O'Daly,26,Peru,China,Brazil,AA123,16/03/2022,B2
695,Margalit,Dragonette,80,Kenya,China,Venezuela,UA789,10/02/2022,C3
696,Marilyn,Yeardley,46,Indonesia,Indonesia,Yemen,DL456,19/05/2022,B2
697,Andra,Mirralls,54,Nigeria,Russia,Russia,DL456,11/05/2022,B2
698,Niki,Baldi,74,Ukraine,China,France,UA789,08/08/2022,A1
699,Dana,Brahms,79,China,Russia,China,DL456,20/11/2022,C3
700,Latrena,Jamrowicz,27,United States,Portugal,Indonesia,AA123,02/09/2022,B2
701,Gertrud,Demeza,70,China,Albania,Philippines,AA123,18/11/2022,A1
702,Wolfgang,Shafto,52,Poland,China,Brazil,AA123,07/02/2022,B2
703,Trixie,Snowdon,51,Vietnam,Portugal,Luxembourg,UA789,03/08/2022,C3
704,Ase,Maxwell,56,Brazil,Indonesia,China,AA123,28/06/2022,B2
705,Stanly,Pritchard,26,China,Colombia,Bolivia,UA789,08/06/2022,C3
706,Alli,Milton-White,40,Indonesia,Colombia,Russia,AA123,20/04/2022,A1
707,Bianka,Dorricott,40,Philippines,South Korea,United States,DL456,06/09/2022,C3
708,Herold,Vondrak,53,North Korea,Indonesia,Portugal,DL456,19/04/2022,C3
709,Cece,Millhouse,22,China,Indonesia,Croatia,UA789,22/06/2022,A1
710,Jacintha,Karus,46,Indonesia,China,Russia,UA789,05/09/2022,B2
711,Rozanna,Smewing,32,Indonesia,Cuba,Latvia,DL456,30/05/2022,A1
712,Janenna,Slipper,25,Philippines,Philippines,Poland,DL456,05/10/2022,A1
713,Laurene,Scalera,24,Indonesia,Sweden,Portugal,UA789,28/03/2022,A1
714,Wainwright,Dodge,68,Serbia,Portugal,Nicaragua,AA123,08/04/2022,B2
715,Hymie,Posse,77,Colombia,Peru,China,AA123,25/05/2022,B2
716,Belle,Pettifer,78,Bolivia,Indonesia,Sweden,UA789,27/11/2022,C3
717,Ryun,Dearn,24,Thailand,Brazil,Portugal,UA789,18/12/2022,A1
718,Blisse,Wynn,37,Bulgaria,Russia,Indonesia,UA789,30/10/2022,B2
719,Kendrick,Dundredge,19,Democratic Republic of the Congo,Chile,South Africa,UA789,14/06/2022,A1
720,Shauna,Geri,64,China,China,China,DL456,31/10/2022,B2
721,Tod,Sallis,77,Indonesia,China,Cameroon,DL456,25/10/2022,A1
722,Gard,Harbin,33,Russia,Philippines,Indonesia,DL456,03/09/2022,B2
723,Margi,Yorke,72,Portugal,Finland,Costa Rica,DL456,19/04/2022,A1
724,Rafe,O'Kennedy,79,France,Japan,Malaysia,DL456,25/06/2022,C3
725,Stafani,Bengtsson,81,Czech Republic,Ireland,Indonesia,AA123,10/01/2022,B2
726,Rozalin,Divell,51,Indonesia,Philippines,Philippines,AA123,09/12/2022,B2
727,Doreen,Brandli,84,United States,Brazil,China,UA789,03/09/2022,B2
728,Davis,Coucha,58,Thailand,China,Brazil,UA789,04/12/2022,C3
729,Krispin,Frounks,68,Sweden,China,China,UA789,01/08/2022,B2
730,Desiree,Dressel,59,Canada,Indonesia,China,UA789,19/11/2022,A1
731,Ailee,Derdes,28,Panama,Slovenia,Japan,DL456,14/03/2022,C3
732,Breena,Nairn,27,China,Croatia,China,UA789,22/01/2022,B2
733,Griffin,Matteuzzi,47,Brazil,Indonesia,Poland,UA789,11/09/2022,C3
734,Lanie,Duffit,58,China,Sweden,China,AA123,01/12/2022,C3
735,Nerty,Spiers,33,Indonesia,Philippines,Cuba,AA123,02/10/2022,B2
736,Alvie,Karpfen,33,Iran,China,China,UA789,29/11/2022,A1
737,Cari,Benbrick,81,Guatemala,Malawi,Czech Republic,AA123,11/07/2022,C3
738,Minerva,Crickett,26,Japan,Brazil,Indonesia,UA789,22/07/2022,A1
739,Corly,Stanesby,23,Poland,Philippines,Bosnia and Herzegovina,AA123,25/09/2022,C3
740,Yank,Stoeckle,60,Paraguay,Slovenia,China,AA123,04/05/2022,B2
741,Lurline,Tenman,50,Portugal,France,Indonesia,DL456,31/03/2022,A1
742,Jeth,Gaudon,33,Indonesia,Costa Rica,Palestinian Territory,AA123,11/08/2022,C3
743,Errick,McArdle,40,Indonesia,Portugal,Brazil,AA123,20/09/2022,C3
744,Cloe,Druitt,24,China,Indonesia,Russia,UA789,31/08/2022,B2
745,Eddy,Fulop,78,Argentina,Sweden,China,AA123,01/10/2022,B2
746,Denys,Pilkington,24,China,Liberia,Honduras,AA123,24/04/2022,B2
747,Jodie,Headingham,41,China,United States,United States,AA123,14/02/2022,C3
748,Tatiana,Goldster,75,Sweden,Indonesia,China,UA789,09/10/2022,B2
749,Matthiew,Bradly,79,Russia,Peru,Macedonia,UA789,02/08/2022,A1
750,Jaime,Pristnor,81,Cape Verde,Russia,Russia,AA123,30/09/2022,C3
751,Shoshana,Fussen,63,China,China,Canada,UA789,30/12/2022,C3
752,Candace,Dreng,40,Netherlands,Indonesia,Russia,AA123,18/04/2022,B2
753,Stanly,Threadgould,82,Democratic Republic of the Congo,Venezuela,Colombia,UA789,21/11/2022,A1
754,Vance,Soppeth,58,China,Indonesia,Syria,AA123,12/06/2022,B2
755,Marilin,Lemonby,35,Russia,France,China,DL456,06/12/2022,B2
756,Davin,Shackesby,79,Ukraine,Canada,Indonesia,AA123,21/10/2022,C3
757,Leonhard,Sams,84,France,Dominica,France,AA123,10/02/2022,C3
758,Lily,Shuttell,30,Poland,Tunisia,Greece,UA789,18/07/2022,C3
759,Clarita,Cosgriff,35,France,Thailand,Indonesia,UA789,09/04/2022,C3
760,Ruthe,Rhydderch,70,Indonesia,Nepal,Brazil,AA123,02/02/2022,B2
761,Misty,Antonoyev,66,Argentina,Philippines,Indonesia,AA123,24/12/2022,A1
762,Thorstein,Albasini,34,Poland,France,Poland,UA789,11/03/2022,B2
763,Karilynn,Balogh,39,Russia,Philippines,Russia,UA789,29/12/2022,A1
764,Marcelia,Remer,70,Brazil,Croatia,Brazil,AA123,03/01/2022,C3
765,Trula,Blanko,46,Indonesia,China,Greece,AA123,18/03/2022,B2
766,Analiese,Vasilmanov,27,Morocco,Andorra,Poland,UA789,09/08/2022,C3
767,Madelina,Whitehair,33,United Kingdom,Mayotte,China,DL456,06/03/2022,C3
768,Marianne,Easdon,48,South Africa,Sudan,Austria,UA789,13/03/2022,B2
769,Skipp,Gettens,29,Libya,United States,Russia,UA789,20/04/2022,B2
770,Gayla,Ludovici,77,France,Bosnia and Herzegovina,Macedonia,DL456,12/11/2022,B2
771,Currey,Lightwing,65,Ireland,Russia,Russia,DL456,16/08/2022,A1
772,Darcie,Hastings,42,Indonesia,Indonesia,China,UA789,29/05/2022,C3
773,Viki,Ayer,52,United States,Iran,Mexico,AA123,02/05/2022,B2
774,Cristiano,Lievesley,18,Ukraine,Chile,Indonesia,AA123,04/12/2022,A1
775,Fanni,Jude,54,Somalia,Brazil,Indonesia,UA789,26/06/2022,C3
776,Celinda,De Lisle,81,Slovenia,Indonesia,Syria,AA123,20/09/2022,A1
777,Craig,McGucken,70,Indonesia,Portugal,Serbia,AA123,14/09/2022,B2
778,Allys,Braund,30,Philippines,Argentina,Zambia,UA789,02/01/2022,C3
779,Marielle,Genner,83,Ukraine,Ukraine,Indonesia,AA123,08/05/2022,C3
780,Muire,Farrand,53,Indonesia,Russia,China,UA789,08/02/2022,C3
781,Carey,Serraillier,36,Armenia,Russia,Bulgaria,AA123,31/05/2022,B2
782,Kelcey,Heynen,84,China,Venezuela,United States,DL456,16/05/2022,A1
783,Saree,Falcus,28,China,Portugal,China,DL456,05/02/2022,A1
784,Oates,Noto,46,Russia,Jordan,Yemen,AA123,23/06/2022,A1
785,Ailee,Dunsmuir,29,Philippines,Nigeria,Ukraine,DL456,16/02/2022,B2
786,Tibold,Eastcott,48,Ghana,Indonesia,Ukraine,AA123,24/07/2022,C3
787,Jude,Wollard,37,Sri Lanka,Ukraine,Zambia,UA789,30/08/2022,C3
788,Bobbie,Sherer,38,Peru,Indonesia,Chile,AA123,17/05/2022,B2
789,Kelci,Cawthron,49,France,China,Japan,AA123,28/10/2022,A1
790,Hanny,Burdas,40,Malawi,Afghanistan,Czech Republic,UA789,19/12/2022,B2
791,Ave,Scneider,25,China,Philippines,Ireland,AA123,04/09/2022,C3
792,Gianna,Bartusek,36,Indonesia,China,Czech Republic,DL456,27/09/2022,B2
793,Marilee,Gherardesci,82,Syria,China,Burkina Faso,UA789,29/09/2022,C3
794,Priscella,Lomaz,69,Albania,Russia,Russia,AA123,22/01/2022,B2
795,Tallia,Dauby,49,Indonesia,Finland,Egypt,DL456,26/05/2022,B2
796,Sigfried,Gregory,71,Dominican Republic,China,Philippines,DL456,11/02/2022,A1
797,Diann,Laba,69,Indonesia,Czech Republic,China,UA789,21/11/2022,B2
798,Kori,Kinsella,43,China,Portugal,China,UA789,09/08/2022,C3
799,Erich,Plum,30,Portugal,Brazil,Costa Rica,UA789,11/08/2022,C3
800,Abie,Coupe,55,France,China,Indonesia,DL456,26/08/2022,B2
801,Genna,Dwelling,25,Thailand,Ukraine,Brazil,AA123,19/07/2022,C3
802,Stacia,Toll,18,China,Indonesia,China,AA123,16/08/2022,B2
803,Wally,Sprey,20,Sweden,Slovenia,Indonesia,UA789,02/05/2022,A1
804,Claresta,McGuane,29,Indonesia,China,Japan,AA123,15/01/2022,B2
805,Aubrey,Cafferky,30,China,Philippines,Czech Republic,AA123,26/03/2022,B2
806,Marlene,Allitt,21,France,Brazil,China,UA789,18/10/2022,C3
807,Felicio,Deyenhardt,45,Poland,Russia,China,DL456,16/03/2022,A1
808,Ban,Bourthoumieux,62,Argentina,Micronesia,China,UA789,25/04/2022,C3
809,Sheri,Pickston,78,China,Czech Republic,Bulgaria,UA789,10/07/2022,A1
810,Eberhard,Gronous,53,Ivory Coast,China,Indonesia,UA789,07/06/2022,B2
811,Hyman,Speller,35,Japan,Russia,Myanmar,AA123,06/05/2022,B2
812,Alair,Grendon,51,Poland,Indonesia,Poland,UA789,28/10/2022,C3
813,Matias,Cawte,49,Poland,Indonesia,China,UA789,11/09/2022,B2
814,Drusy,Beattie,54,Mexico,Guyana,Philippines,AA123,14/07/2022,C3
815,Elfie,Lantoph,45,Greece,Indonesia,Venezuela,DL456,27/03/2022,A1
816,Angelita,Pledger,28,Fiji,Azerbaijan,Sweden,UA789,17/05/2022,A1
817,Dukie,Izhaky,27,Hungary,Czech Republic,Czech Republic,AA123,05/04/2022,C3
818,Samara,Paeckmeyer,46,Ukraine,Indonesia,Japan,UA789,23/12/2022,A1
819,Lewiss,Fison,66,Russia,Argentina,China,AA123,22/09/2022,C3
820,Kurt,Mitroshinov,50,Japan,Brazil,French Polynesia,AA123,06/10/2022,A1
821,Emlen,Killoran,49,Russia,China,Philippines,DL456,28/04/2022,C3
822,Gaylord,Woolward,55,China,Portugal,China,AA123,21/11/2022,B2
823,Parnell,Stealey,60,France,Russia,China,AA123,22/10/2022,C3
824,Alix,Dabnor,84,Tunisia,Indonesia,China,UA789,25/11/2022,C3
825,Nerissa,Priestland,37,Portugal,Poland,Cuba,DL456,13/04/2022,C3
826,Ronna,Thredder,23,Japan,Colombia,Indonesia,DL456,26/02/2022,C3
827,Josselyn,Peeke-Vout,28,Portugal,Afghanistan,Thailand,AA123,27/01/2022,B2
828,Kristi,Birtwell,25,Netherlands,Brazil,China,AA123,14/06/2022,A1
829,Cece,Easterbrook,85,Sierra Leone,China,Zambia,DL456,29/12/2022,B2
830,Gerick,McMurrugh,38,Kazakhstan,Greece,Philippines,UA789,08/01/2022,C3
831,Seamus,Alesin,33,Peru,Japan,Russia,UA789,06/11/2022,C3
832,Faulkner,Vasyuchov,65,United States,France,Afghanistan,DL456,09/08/2022,C3
833,Bernice,Leman,75,China,China,North Korea,UA789,04/06/2022,C3
834,Bel,Cuxon,75,Yemen,Russia,Indonesia,AA123,31/08/2022,C3
835,Jeddy,Laxston,49,Greece,Philippines,Portugal,DL456,06/03/2022,B2
836,Bernarr,Sare,38,Cuba,Egypt,Philippines,DL456,23/07/2022,A1
837,Toby,Beekman,65,Portugal,China,Portugal,DL456,30/03/2022,C3
838,Ravid,Rimell,22,China,Poland,Sweden,UA789,10/03/2022,A1
839,Kissee,Royce,32,China,Brazil,Brazil,UA789,06/12/2022,B2
840,Midge,McCorley,53,Argentina,Uzbekistan,Latvia,UA789,22/05/2022,C3
841,Bobine,Orteau,21,United States,United States,China,DL456,17/12/2022,C3
842,Morena,Nesbitt,26,France,Latvia,Indonesia,AA123,16/10/2022,A1
843,Carree,Asling,68,Macedonia,New Zealand,Thailand,AA123,30/05/2022,C3
844,Reube,Hanlin,45,China,China,China,AA123,23/09/2022,C3
845,Franky,Brough,57,Argentina,Colombia,China,UA789,11/06/2022,C3
846,Debee,Aleksahkin,84,Vietnam,Greece,Indonesia,DL456,18/02/2022,A1
847,Inna,Hilbourne,24,China,Russia,Sierra Leone,AA123,11/07/2022,A1
848,Vidovic,Aguirre,27,Thailand,Finland,Iran,AA123,13/01/2022,C3
849,Evonne,Whittlesea,75,Philippines,Argentina,Russia,AA123,02/05/2022,B2
850,Des,Hannah,70,Indonesia,China,South Korea,UA789,21/12/2022,C3
851,Odille,Hudspith,44,China,China,Indonesia,DL456,10/06/2022,A1
852,Nicolai,Scini,80,China,Indonesia,Papua New Guinea,DL456,28/04/2022,A1
853,Holden,Mascall,51,Panama,China,Vietnam,AA123,22/07/2022,A1
854,Julia,Cubbino,18,Afghanistan,China,Poland,UA789,06/04/2022,A1
855,Austin,Hedworth,71,China,Poland,Poland,DL456,09/02/2022,A1
856,Chantalle,Burtenshaw,34,Indonesia,France,Sri Lanka,UA789,05/06/2022,A1
857,Devora,Broadway,67,Indonesia,Russia,Luxembourg,DL456,24/10/2022,A1
858,Glenden,Dyble,34,Netherlands,Philippines,Philippines,AA123,12/12/2022,C3
859,Filmore,Elmhirst,57,Turkmenistan,Indonesia,Comoros,UA789,15/08/2022,C3
860,Guillaume,Kidstoun,39,China,Iran,Philippines,DL456,10/05/2022,A1
861,Amargo,Grishukov,26,Lebanon,Poland,China,UA789,19/08/2022,C3
862,Suki,MacQuarrie,68,Vietnam,Peru,China,DL456,27/11/2022,A1
863,Keefe,Ionn,71,Czech Republic,Philippines,China,AA123,23/10/2022,C3
864,Janelle,Tamas,82,China,Indonesia,China,UA789,12/10/2022,B2
865,Nessi,Billin,66,Uganda,Albania,Zambia,AA123,17/05/2022,C3
866,Charyl,Chainey,31,China,France,China,DL456,31/08/2022,C3
867,Gretchen,De Rye Barrett,72,China,China,Peru,DL456,24/08/2022,A1
868,Malina,Blumson,50,China,Lithuania,Russia,UA789,03/04/2022,B2
869,Erinn,Woolager,78,Comoros,Kuwait,Brazil,AA123,01/11/2022,C3
870,Ruprecht,Llewelly,51,Canada,Jamaica,Sweden,AA123,24/07/2022,C3
871,Blondie,Girdler,45,Morocco,Peru,Ireland,DL456,01/10/2022,C3
872,Kathrine,Dimic,74,Syria,Philippines,Philippines,DL456,24/10/2022,C3
873,Elyse,Riches,60,Indonesia,Sudan,Poland,AA123,08/05/2022,B2
874,Odie,Agney,23,Canada,Myanmar,Syria,DL456,20/08/2022,A1
875,Jean,Boone,33,Indonesia,Ireland,Russia,AA123,11/02/2022,B2
876,Kirby,Drohun,84,Indonesia,China,Japan,UA789,13/07/2022,C3
877,Cornie,Pobjoy,18,Russia,Brazil,Czech Republic,UA789,25/10/2022,B2
878,Ruperto,Cresser,20,Japan,Greece,Czech Republic,UA789,10/01/2022,C3
879,Albina,Gillion,45,Indonesia,China,Russia,AA123,23/03/2022,A1
880,Welch,Glitherow,46,United States,Sweden,Sweden,UA789,15/04/2022,B2
881,Ozzie,Dedenham,63,Sweden,Indonesia,Indonesia,DL456,13/01/2022,C3
882,Ailina,Uzzell,35,Brazil,Colombia,Paraguay,UA789,10/08/2022,C3
883,Dannie,Skeermor,50,Gabon,Indonesia,China,UA789,01/06/2022,B2
884,Aeriell,Biskupek,47,Philippines,Greece,Japan,DL456,23/07/2022,B2
885,Lorette,O'Gready,85,Fiji,China,Greece,AA123,27/04/2022,B2
886,Yehudit,Stoll,84,Indonesia,Mauritius,Malaysia,AA123,06/03/2022,A1
887,Anica,Brafield,78,France,Indonesia,Philippines,UA789,12/02/2022,A1
888,Verna,O'Hara,27,Poland,United States,France,UA789,03/11/2022,C3
889,Amaleta,Lynds,60,China,Philippines,China,UA789,13/11/2022,B2
890,Thom,Biggans,52,Vietnam,Poland,Philippines,AA123,05/09/2022,C3
891,Annabella,Vlasenko,57,Russia,New Caledonia,Poland,UA789,17/03/2022,B2
892,Horacio,Olner,26,Dominican Republic,Ecuador,Portugal,AA123,16/04/2022,A1
893,Ardelis,Berdale,70,Tunisia,Egypt,Australia,UA789,22/03/2022,A1
894,Laurice,Boughton,20,China,China,Palestinian Territory,UA789,15/11/2022,B2
895,Ashil,Whodcoat,72,Ukraine,Mexico,Russia,UA789,08/01/2022,C3
896,Isac,Nehls,69,Sweden,South Africa,Philippines,UA789,23/10/2022,A1
897,Cody,Edensor,62,China,Senegal,Denmark,UA789,16/08/2022,C3
898,Emile,Jancic,34,Philippines,Russia,Brazil,AA123,30/01/2022,C3
899,Andromache,Keeler,74,Indonesia,Portugal,Poland,AA123,06/10/2022,B2
900,Doretta,Fagan,32,China,Greece,Ukraine,AA123,01/05/2022,C3
901,Carolyn,Maffiotti,29,Pakistan,China,Sweden,AA123,18/01/2022,C3
902,Alonso,Winslett,18,Vietnam,China,Russia,UA789,16/09/2022,B2
903,Alf,Battelle,47,China,Albania,Indonesia,UA789,24/05/2022,C3
904,Cristen,Bolens,29,Ukraine,Israel,China,DL456,15/06/2022,B2
905,Garret,Shovelbottom,76,Brazil,Indonesia,Croatia,DL456,01/01/2022,C3
906,Clemente,Castanares,24,Albania,Ireland,Indonesia,DL456,06/07/2022,A1
907,Evin,Eaden,34,Sweden,France,Russia,DL456,23/11/2022,C3
908,Nikkie,Heustice,71,Thailand,Philippines,Russia,UA789,29/08/2022,B2
909,Silvie,Di Giacomettino,44,France,Colombia,China,AA123,08/06/2022,C3
910,Phillida,Garrison,62,Mexico,Thailand,Czech Republic,DL456,08/07/2022,B2
911,Chick,Willicott,22,China,Thailand,Dominican Republic,UA789,02/12/2022,B2
912,Petronia,Hatwell,42,Poland,Ukraine,Brazil,UA789,21/06/2022,B2
913,Anjela,Mincini,41,Poland,Poland,Armenia,AA123,30/04/2022,A1
914,Bill,Heliet,70,Zimbabwe,Brazil,Colombia,UA789,25/01/2022,A1
915,Vinita,Varley,84,Japan,Syria,China,AA123,30/12/2022,C3
916,Noll,Gubbin,64,Sweden,Philippines,Portugal,DL456,28/08/2022,B2
917,Eldin,Groocock,31,Argentina,Pakistan,Pakistan,DL456,23/10/2022,C3
918,Timofei,Trench,19,Ukraine,Poland,Indonesia,AA123,16/02/2022,B2
919,Mikaela,Limming,46,China,United States,Latvia,DL456,06/06/2022,C3
920,Lida,Seater,50,Burkina Faso,China,Poland,AA123,19/10/2022,C3
921,Ikey,Ealam,33,Cuba,Indonesia,Lesotho,DL456,28/01/2022,B2
922,Stillmann,Farnon,82,China,Bosnia and Herzegovina,China,DL456,15/10/2022,A1
923,Calli,Tincknell,22,Bolivia,Chile,Belarus,AA123,28/01/2022,B2
924,Romeo,Oakwell,37,Pakistan,Philippines,Guatemala,UA789,12/07/2022,B2
925,Ty,Brodeau,19,China,Luxembourg,France,AA123,29/08/2022,C3
926,Haily,Puddefoot,73,Vietnam,Sierra Leone,China,DL456,19/09/2022,B2
927,Carmelle,Lansbury,21,China,Philippines,Indonesia,AA123,18/10/2022,B2
928,Katinka,Pulster,46,Russia,Poland,China,AA123,21/03/2022,C3
929,Tuesday,Golthorpp,54,Portugal,Philippines,China,DL456,11/09/2022,C3
930,Moss,Oddy,80,Poland,Ukraine,Russia,UA789,10/12/2022,A1
931,Annamarie,Cahill,75,Malaysia,Mexico,Argentina,DL456,28/10/2022,B2
932,Georgianna,Willey,42,Brazil,Madagascar,Brazil,DL456,16/04/2022,A1
933,Reiko,Tavner,61,Comoros,China,Indonesia,UA789,09/12/2022,A1
934,Anna-diana,Stolting,20,Canada,China,Lebanon,DL456,18/12/2022,A1
935,Emilee,Stelle,55,Indonesia,Colombia,Nepal,AA123,27/09/2022,A1
936,Vanessa,Arcase,63,Cambodia,Poland,China,DL456,02/07/2022,A1
937,Emily,Addicott,58,Indonesia,Honduras,Guam,AA123,01/01/2022,A1
938,Agustin,Earengey,58,Philippines,China,Panama,DL456,25/02/2022,A1
939,Carla,Till,77,Greece,Russia,Chile,DL456,17/08/2022,C3
940,Matthias,Dunsire,73,Mongolia,China,China,AA123,20/01/2022,A1
941,Hurleigh,Woodley,34,China,Indonesia,Sweden,AA123,11/05/2022,A1
942,Tanhya,Rainbow,72,Azerbaijan,Ukraine,Indonesia,DL456,14/03/2022,A1
943,Devland,Suscens,59,Indonesia,China,Zambia,UA789,10/09/2022,C3
944,Aube,Tale,68,China,Philippines,Canada,DL456,26/09/2022,B2
945,Chilton,Noli,62,United States,United States,Madagascar,AA123,13/08/2022,C3
946,Josh,Pitts,38,United States,Indonesia,Luxembourg,DL456,13/11/2022,B2
947,Koren,Liveley,62,China,Portugal,Indonesia,DL456,02/05/2022,A1
948,Clerissa,Pauluzzi,20,Indonesia,Japan,Sweden,AA123,09/10/2022,A1
949,Evonne,Exrol,21,Russia,Russia,China,DL456,15/04/2022,B2
950,Jerome,Lumbly,41,Portugal,Syria,United States,DL456,17/04/2022,B2
951,Flore,Eddicott,79,Canada,China,Nigeria,DL456,18/03/2022,B2
952,Walden,Pury,79,Indonesia,Indonesia,China,UA789,27/10/2022,B2
953,Netty,Poolton,67,Ukraine,Paraguay,Brazil,UA789,28/04/2022,B2
954,Alphonse,Gregr,53,China,Brazil,Russia,UA789,28/11/2022,A1
955,Irving,Beeble,38,Honduras,Sweden,Finland,AA123,21/07/2022,A1
956,Sheila-kathryn,Skrine,62,Brazil,Indonesia,China,DL456,15/03/2022,C3
957,Cassie,Willson,44,Indonesia,Sweden,China,DL456,06/09/2022,A1
958,Godart,Goodered,76,China,Ireland,Brazil,AA123,22/04/2022,B2
959,Orland,Manilow,53,Czech Republic,China,United States,AA123,05/05/2022,A1
960,Clyde,Ormrod,74,Portugal,China,Egypt,AA123,26/07/2022,A1
961,Britni,Boughey,60,Mauritius,Mexico,Pakistan,DL456,28/02/2022,C3
962,Vladimir,Santon,78,Kenya,Russia,South Africa,UA789,26/05/2022,A1
963,Terri-jo,Haywood,69,Brazil,Russia,China,UA789,12/04/2022,B2
964,Elden,Rolstone,82,China,Poland,Portugal,AA123,07/06/2022,A1
965,Dalton,Applebee,37,Canada,Zambia,Portugal,DL456,30/06/2022,A1
966,Forrester,Wisniewski,42,Nicaragua,Russia,China,UA789,11/01/2022,A1
967,Shepperd,Stoppard,80,Russia,China,Indonesia,DL456,23/10/2022,A1
968,Kali,Syplus,75,Portugal,France,Indonesia,DL456,10/07/2022,C3
969,Huey,Frail,84,China,Japan,Japan,AA123,26/08/2022,B2
970,Demetris,Danihelka,62,Afghanistan,China,Egypt,UA789,18/04/2022,C3
971,Selma,Jenson,70,Thailand,China,Sweden,UA789,27/12/2022,B2
972,Brenna,Gyse,71,Mexico,China,Netherlands,DL456,03/06/2022,A1
973,Jim,Spawton,68,Czech Republic,Portugal,China,AA123,08/01/2022,A1
974,Odella,Radborn,24,Poland,Greece,Philippines,UA789,05/05/2022,A1
975,Charlotte,Murrie,84,China,Argentina,China,UA789,26/01/2022,C3
976,Meggie,Heeks,56,Indonesia,China,China,AA123,08/11/2022,B2
977,Elyn,Blakeway,57,Mexico,Armenia,Thailand,AA123,07/02/2022,C3
978,Elenore,Hurrell,54,Poland,Serbia,Ukraine,AA123,14/02/2022,C3
979,Mark,Featherstone,37,China,Palestinian Territory,China,DL456,16/12/2022,B2
980,Cathe,Gareisr,75,Brazil,Germany,China,DL456,01/05/2022,C3
981,Krishnah,Schettini,66,Canada,Estonia,Russia,AA123,25/06/2022,B2
982,Edy,Doodson,32,Syria,China,Indonesia,DL456,06/03/2022,A1
983,Mei,Keenor,26,Philippines,Canada,China,UA789,23/02/2022,B2
984,Tuck,Martinson,79,Philippines,Philippines,China,AA123,16/06/2022,B2
985,Leland,Grigorini,25,Venezuela,China,Poland,UA789,14/06/2022,B2
986,Chris,Verrell,22,Indonesia,Nigeria,China,AA123,12/01/2022,C3
987,Andrus,Petruk,63,South Africa,Indonesia,China,UA789,29/06/2022,A1
988,Dion,Antill,28,Russia,China,Brazil,DL456,13/02/2022,B2
989,Jeanette,Scoone,79,Sweden,China,Russia,DL456,02/06/2022,C3
990,Jessy,Feldbau,44,Germany,Ukraine,Argentina,AA123,17/05/2022,A1
991,Rasia,McCurrie,45,China,Indonesia,France,UA789,18/10/2022,A1
992,Eddie,Bohlje,30,France,China,Greece,DL456,03/03/2022,B2
993,Trula,Denis,48,Canada,United States,China,AA123,12/08/2022,C3
994,Benn,Coping,33,Trinidad and Tobago,Syria,China,DL456,24/08/2022,A1
995,Moses,Meriott,72,Germany,Japan,France,UA789,23/08/2022,B2
996,Baxy,Jonk,81,Philippines,Brazil,Colombia,AA123,20/04/2022,C3
997,Thornton,Kindall,59,Portugal,China,Russia,AA123,01/06/2022,C3
998,Sayres,Thrush,70,Kazakhstan,New Caledonia,Canada,UA789,15/10/2022,A1
999,Corina,Acey,20,Iran,Poland,Indonesia,DL456,28/02/2022,C3
1000,Markos,Francino,35,Poland,Thailand,Thailand,DL456,12/04/2022,A1
